blocks,mean_duration,ci_duration
8,6.898953733333333,0.11402834778667313
16,6.925142200000001,0.15062384226883935
32,6.863325933333333,0.008272476239295534
64,6.8622238,0.007344025253725515
