processes,mean_duration,ci_duration
1,6.716118466666668,0.04449297295770228
2,6.9780014,0.1760316565983081
3,6.907834733333333,0.01902682157162636
4,7.032907199999999,0.21652230661333932
