blocks,mean_duration,ci_duration
8,8.997690466666667,0.15130439657737532
16,3.8447346,0.04874719205065086
32,2.341804066666667,0.026859778810885637
64,2.2513438666666667,0.039449171528056534
