threads,mean_duration,ci_duration
1,17.94562,0.01613460853702959
2,9.752755666666667,0.07494351616016628
4,5.024002533333333,0.03490868841320189
8,3.525947666666667,0.23668925894123602
16,3.2667734666666663,0.0738786983417793
32,3.188527733333333,0.027881905723449073
64,3.171396333333333,0.02515888665363927
128,3.1726654666666665,0.024090224588451233
